raw_archetype,mapping_tag,manual_tag,model_tag,main_tag,special_tag,synergy,count,quality
4+c Control,Control,Control,,Control,,,49,
4-Color Belcher,Belcher,"Combo, Belcher, Landless",,Combo,"Belcher, Landless",,1,
4-Color Caves,Cave,Cave,,,Cave,Cave,1,
4-Color Cycling,Cycling,Cycling,,,Cycling,Cycling,2,
4-Color Domain,Domain,Domain,,,Domain,,83,
4-Color Food,Food,Food,,,Food,Food,5,
4-Color Gates,Gate,Gate,,,Gate,Gate,1,
4-Color Kethis,Kethis,Combo,,Combo,,,2,
4-Color Lotus Field,Lotus Field,"Combo, Lotus Field",,Combo,Lotus Field,,10,
4-Color Omniscience Reanimator,"Omniscience, Reanimator","Combo, Omniscience, Reanimator",,Combo,"Omniscience, Reanimator",,1,
4-Color Overlords,Overlord,Overlord,,,Overlord,Overlord,1,
4-Color Reanimator,Reanimator,"Combo, Reanimator",,Combo,Reanimator,,4,
4-Color Roots,Roots,Roots,,,Roots,,4,
4-Color Show and Tell,Show and Tell,"Combo, Show and Tell",,Combo,Show and Tell,,15,
4-Color Zur,Zur,"Control, Zur",,Control,Zur,,7,
4/5C Control,Control,Control,,Control,,,2454,
4/5c Aggro,Aggro,Aggro,,Aggro,,,2102,
4c Control,Control,Control,,Control,,,124,
5-Color Control,Control,Control,,Control,,,49,
5-Color Creativity,Creativity,"Combo, Creativity",,Combo,Creativity,,6,
5-Color Domain,Domain,Domain,,,Domain,,5,
5-Color Enigmatic,Enigmatic Incarnation,"Combo, Enigmatic Incarnation",,Combo,Enigmatic Incarnation,Enchantment,14,
5-Color Niv,Niv-Mizzet Reborn,"Control, Niv-Mizzet Reborn",,Control,Niv-Mizzet Reborn,,61,
5-Color Omniwoodland,"Omniscience, Shifting Woodland, Reanimator","Combo, Omniscience, Shifting Woodland, Reanimator",,Combo,"Omniscience, Shifting Woodland, Reanimator",,13,
5-Color Phoenix,Arclight Phoenix,"Tempo, Arclight Phoenix",,Tempo,Arclight Phoenix,,5,
5-Color Quintorius,Quintorius,Quintorius,,,Quintorius,,2,
5-Color Reanimator,Reanimator,"Combo, Reanimator",,Combo,Reanimator,,17,
5-Color Upps all Spells,Oops All Spells,"Combo, Oops All Spells",,Combo,Oops All Spells,,14,
Abzan,,,,,,,1,
Abzan Aggro,Aggro,Aggro,,Aggro,,,2878,
Abzan Auras,Aura,"Aggro, Aura",,Aggro,Aura,Aura,6,
Abzan Control,Control,Control,,Control,,,15,
Abzan Greasefang,Greasefang,"Combo, Greasefang",,Combo,Greasefang,,10,
Abzan Midrange,Midrange,Midrange,,Midrange,,,54,
Abzan Roots,Roots,Roots,,,Roots,,2,
Abzan Scam,Scam,,,,,,1,
Abzan Yawgmoth,Yawgmoth,"Combo, Yawgmoth",,Combo,Yawgmoth,,1,
Ad Nauseam,Ad Nauseam,"Combo, Ad Nauseam",,Combo,Ad Nauseam,,592,
Adventure,Adventure,"Midrange, Adventure",,Midrange,Adventure,Adventure,413,
Affinity,Affinity,"Aggro, Affinity",,Aggro,Affinity,"Artifact, Affinity",7968,
Affinity Control,"Affinity, Control","Aggro, Control, Affinity",,"Aggro, Control",Affinity,"Artifact, Affinity",6,
Aggro,Aggro,Aggro,,Aggro,,,3596,
Aggro Combo,"Aggro, Combo","Aggro, Combo",,"Aggro, Combo",,,359,
Aggro Control,"Aggro, Control","Aggro, Control",,"Aggro, Control",,,115,
Aggro Jank,"Aggro, Jank","Aggro, Jank",,"Aggro, Jank",,,137,
Aggro Loam,"Aggro, Loam","Aggro, Loam",,Aggro,Loam,,19,
Aggro Midrange,"Aggro, Midrange","Aggro, Midrange",,"Aggro, Midrange",,,347,
Allies,Ally,"Aggro, Ally",,Aggro,Ally,Ally,30,
Allosaurus Combo,"Allosaurus,Combo","Combo, Allosaurus, Elf",,Combo,"Allosaurus, Elf","Elf, Tribal",95,
Aluren,Aluren,"Combo, Aluren",,Combo,Aluren,Blink,631,
Amalia Life,Amalia Life,"Combo, Amalia Life, Lifegain",,Combo,"Amalia Life, Lifegain",Lifegain,1078,
Amulet Titan,Amulet Titan,"Combo, Amulet Titan",,Combo,Amulet Titan,"Lands, Ramp",3542,
Angels,Angel,"Midrange, Angel",,Midrange,Angel,Angel,224,
Angry Ghoul,Angry Ghoul,Angry Ghoul,,,Angry Ghoul,,131,
Archfiend Alteration,Archfiend Alteration,Archfiend Alteration,,,Archfiend Alteration,,45,
Architect,Architect,Architect,,,Architect,,32,
Arclight Phoenix,Arclight Phoenix,"Tempo, Arclight Phoenix",,Tempo,Arclight Phoenix,,4369,
Aristocrats,Aristocrats,"Midrange, Aristocrats, Sacrifice",,Midrange,"Aristocrats, Sacrifice",Sacrifice,233,
Artifact Prison,"Artifact, Prison","Prison, Artifact",,Prison,Artifact,Artifact,100,
Artifacts Aggro,"Artifact, Aggro","Aggro, Artifact",,Aggro,Artifact,Artifact,577,
Artifacts Blue,Artifact,Artifact,,,Artifact,Artifact,1375,
Artifacts Prison,"Artifact, Prison","Prison, Artifact",,Prison,Artifact,Artifact,104,
Astral Slide,Astral Slide,"Control, Astral Slide",,Control,Astral Slide,Cycling,15,
Aura Aggro,"Aura, Aggro","Aggro, Aura",,Aggro,Aura,Aura,1301,
Aura Hexproof,"Aura, Hexproof","Aggro, Bogle",,Aggro,Bogle,Aura,561,
Auras,Aura,"Aggro, Aura",,Aggro,Aura,Aura,721,
Azorius,,,,,,,1,
Azorius Affinity,Affinity,"Aggro, Affinity",,Aggro,Affinity,"Artifact, Affinity",7,
Azorius Aggro,Aggro,Aggro,,Aggro,,,2714,
Azorius Artifacts,Artifact,Artifact,,,Artifact,Artifact,10,
Azorius Auras,Aura,"Aggro, Aura",,Aggro,Aura,Aura,4,
Azorius Control,Control,Control,,Control,,,450,
Azorius Enchantments,Enchantment,Enchantment,,,Enchantment,Enchantment,17,
Azorius Glitters,Glitters,Glittes,,,Glittes,,15,
Azorius Heroic,Heroic,"Aggro, Heroic",,Aggro,Heroic,Heroic,120,
Azorius Humans,Humans,"Aggro, Human",,Aggro,Human,Human,6,
Azorius Initiative,Initiative,Initiative,,,Initiative,,168,
Azorius Lotus Field,Lotus Field,"Combo, Lotus Field",,Combo,Lotus Field,,6,
Azorius Oculus,Oculus,"Combo, Oculus, Reanimator",,Combo,"Oculus, Reanimator",,32,
Azorius Omniscience,Omniscience,"Combo, Omniscience, Reanimator",,Combo,"Omniscience, Reanimator",,10,
Azorius Soldiers,Soldier,"Aggro, Soldier",,Aggro,Soldier,Soldier,1,
Azorius Spirits,Spirit,"Aggro, Spirit",,Aggro,Spirit,Spirit,13,
BR Aggro,Aggro,Aggro,,Aggro,,,2,
BUG Control,Control,Control,,Control,,,865,
BUG Midrange,Midrange,Midrange,,Midrange,,,2349,
BW Control,Control,Control,,Control,,,205,
BWR Control,Control,Control,,Control,,,35,
Balance,Balance,"Prison, Balance",,Prison,Balance,,61,
Balancing Act,Balancing Act,"Prison, Balance",,Prison,Balance,,23,
Bant,,,,,,,79,
Bant Aggro,Aggro,Aggro,,Aggro,,,2211,
Bant Cage,Cage,Cage,,,Cage,,4,
Bant Control,Control,Control,,Control,,,2272,
Bant Enchantress,Enchantress,"Control, Enchantress",,Control,Enchantress,Enchantment,2,
Bant Hexproof,Hexproof,"Aggro, Bogle",,Aggro,Bogle,,153,
Bant Midrange,Midrange,Midrange,,Midrange,,,71,
Bant Toxic,Toxic,Toxic,,,Toxic,Toxic,1,
Bazaar Aggro,"Bazaar, Aggro","Aggro, Bazaar",,Aggro,Bazaar,Madness,741,
Belcher,Belcher,"Combo, Belcher, Landless",,Combo,"Belcher, Landless",,207,
Big Red,Big Red,Control,,Control,,,300,
Birthing Pod,Birthing Pod,"Combo, Birthing Pod,Toolbox",,Combo,"Birthing Pod,Toolbox",,358,
Black Sinkhole,Sinkhole,Sinkhole,,,Sinkhole,,15,
Blade Control,"Stoneblade, Control","Control, Stoneblade",,Control,Stoneblade,Equipment,735,
Bomberman,Bomberman,"Combo, Bomberman",,Combo,Bomberman,,315,
Boros,,,,,,,39,
Boros Aggro,Aggro,Aggro,,Aggro,,,9252,
Boros Auras,Aura,"Aggro, Aura",,Aggro,Aura,Aura,103,
Boros Bully,Bully,"Aggro, Bully",,Aggro,Bully,,24,
Boros Burn,Burn,"Aggro, Burn",,Aggro,Burn,,37,
Boros Control,Control,Control,,Control,,,202,
Boros Convoke,Convoke,"Aggro, Convoke",,Aggro,Convoke,Convoke,3,
Boros Energy,Energy,Energy,,,Energy,Energy,26,
Boros Equip,Equip,Equipment,,,Equipment,Equipment,1,
Boros Grid,Grid,Grid,,,Grid,,131,
Boros Heroic,Heroic,"Aggro, Heroic",,Aggro,Heroic,Heroic,9,
Boros Landfall,Landfall,Landfall,,,Landfall,Landfall,123,
Boros Mice,Mouse,"Aggro, Mouse",,Aggro,Mouse,Mouse,16,
Boros Prowess,Prowess,"Aggro, Prowess",,Aggro,Prowess,Prowess,2,
Boros Synthe,Synthe,Synthesizer,,,Synthesizer,,15,
Boros Tokens,Token,Token,,,Token,Token,2,
Breach,Breach,"Combo, Breach",,Combo,Breach,"Graveyard, Escape, Storm",1828,
Bridgewalkers,Bridgewalkers,"Control, Bridgewalkers",,Control,Bridgewalkers,,20,
Broodscale Bloodchief,Broodscale,Broodscale,,,Broodscale,,205,
Broodscale Combo,"Broodscale, Combo","Combo, Broodscale",,Combo,Broodscale,,16,
Burn,Burn,"Aggro, Burn",,Aggro,Burn,Burn,2316,
Burning Vengeance,Burning Vengeance,"Combo, Burning Vengeance",,Combo,Burning Vengeance,Graveyard,21,
Bx Devotion,Devotion,"Midrange, Devotion",,Midrange,Devotion,,128,
Calibrated Blast,Calibrated Blast,"Combo, Calibrated Blast",,Combo,Calibrated Blast,,75,
Canadian Threshold,Canadian Threshold,"Tempo, Canadian Threshold",,Tempo,Canadian Threshold,Threshold,2429,
Cascade Beanstalk,"Cascade, Beanstalk","Midrange, Beanstalk",,Midrange,Beanstalk,Cascade,192,
Cascade Crash,"Cascade, Crash","Midrange, Crash",,Midrange,Crash,Cascade,3298,
Caw Gate,"Caw, Gate","Control, Caw, Gate, Stoneblade",,Control,"Caw, Gate, Stoneblade","Equipment, Gate",18,
Caw-Blade,"Caw, Stoneblade","Control, Caw, Stoneblade",,Control,"Caw, Stoneblade","Equipment, Stoneblade",81,
Caw-Faeries,"Caw, Faerie","Tempo, Caw, Faerie, Stoneblade",,Tempo,"Caw, Faerie, Stoneblade","Equipment, Faerie",10,
Cephalid Breakfast,Cephalid Breakfast,"Combo, Cephalid Breakfast",,Combo,Cephalid Breakfast,Graveyard,1050,
Channel Combo,"Channel, Combo","Combo, Channel",,Combo,Channel,Channel,14,
Cloudpost Ramp,"Cloudpost, Ramp","Ramp, Cloudpost",,Ramp,Cloudpost,Ramp,938,
Combo,Combo,Combo,,Combo,,,1028,
Combo Jank,"Combo, Jank","Combo, Jank",,"Combo, Jank",,,439,
Constelation,Constelation,Constellation,,,Constellation,Enchantment,22,
Control,Control,Control,,Control,,,1337,
Control Affinity,"Control, Affinity","Control, Affinity",,Control,Affinity,"Artifact, Affinity",1,
Control Combo,"Control, Combo","Control, Combo",,"Control, Combo",,,288,
Control Jank,"Control, Jank","Control, Jank",,"Control, Jank",,,117,
Control Slaver,"Control, Slaver","Control, Combo, Slaver",,"Control, Combo",Slaver,,35,
CopyCat,CopyCat,"Combo, CopyCat",,Combo,CopyCat,Blink,565,
Copycat,CopyCat,"Combo, CopyCat",,Combo,CopyCat,Blink,22,
Counter Top (no thopter),Countertop,Countertop,,,Countertop,,110,
Countertop Thopters,"Countertop, Thopter","Control, Countertop, Thopter",,Control,"Countertop, Thopter",,43,
Coveted Jewel,Jewel,Coveted Jewel,,,Coveted Jewel,,60,
Cradle Control,"Cradle, Control","Control, Cradle",,Control,Cradle,,695,
Creativity,Creativity,"Combo, Creativity",,Combo,Creativity,,2810,
Creatures Toolbox,"Creature, Toolbox","Midrange, Toolbox",,Midrange,Toolbox,,5474,
Curses,Curse,Curse,,,Curse,Curse,32,
Cycling Aggro,"Cycling, Aggro","Aggro, Cycling",,Aggro,Cycling,Cycling,661,
Cycling Control,"Cycling, Control","Control, Cycling",,Control,Cycling,Cycling,94,
Dark Depths,Dark Depths,"Combo, Dark Depths",,Combo,Dark Depths,Lands,1920,
Dark Jeskai,Dark Jeskai,Dark Jeksai,,,Dark Jeksai,,77,
Dark Spiders,Dark Spiders,Dark Spiders,,,Dark Spiders,Graveyard,11,
Deadguy Ale,Deadguy Ale,"Control, Deadguy Ale",,Control,Deadguy Ale,,548,
Death & Taxes,Death & Taxes,"Control, Death & Taxes",,Control,Death & Taxes,,2872,
Death And Taxes,Death & Taxes,"Control, Death & Taxes",,Control,Death & Taxes,,1612,
Death's Shadow,Death's Shadow,"Tempo, Death's Shadow",,Tempo,Death's Shadow,,3561,
Deep Hours Midrange,"Deep Hours, Midrange","Midrange, Deep Hours",,Midrange,Deep Hours,,911,
Delver,Delver,"Tempo, Delver",,Tempo,Delver,,69,
Delver (Other),Delver (Other),"Tempo, Delver",,Tempo,Delver,,921,
Delverless RUG,Delverless,"Tempo, Delver",,Tempo,Delver,,35,
Destructive Force,Destructive Force,Destructive Force,,,Destructive Force,,24,
Devotion to Black,Devotion,"Midrange, Devotion",,Midrange,Devotion,Black,1077,
Devotion to Green,Devotion,"Midrange, Devotion",,Midrange,Devotion,Green,2618,
Devotion to Red,Devotion,"Midrange, Devotion",,Midrange,Devotion,Red,185,
Dimir,,,,,,,1,
Dimir Affinity,Affinity,"Aggro, Affinity",,Aggro,Affinity,"Artifact, Affinity",3,
Dimir Aggro,Aggro,Aggro,,Aggro,,,2496,
Dimir Bounce,Bounce,"Tempo, Bounce",,Tempo,Bounce,Bounce,6,
Dimir Control,Control,Control,,Control,,,8003,
Dimir Demons,Demon,"Midrange, Demon",,Midrange,Demon,Demon,3,
Dimir Discard,Discard,Discard,,,Discard,Discard,2,
Dimir Faeries,Faerie,"Tempo, Faerie",,Tempo,Faerie,Faerie,1,
Dimir Flash,Flash,Flash,,,Flash,Flash,4,
Dimir Frog,Frog,Frog,,,Frog,,2,
Dimir Inverter,Inverter,"Combo, Inverter",,Combo,Inverter,,244,
Dimir Midrange,Midrange,Midrange,,Midrange,,,88,
Dimir Mill,Mill,"Control, Mill",,Control,Mill,,8,
Dimir Ninjas,Ninja,"Tempo, Ninja",,Tempo,Ninja,Ninja,12,
Dimir Rogues,Rogue,Rogue,,,Rogue,Rogue,6,
Dimir Self-Bounce,Self-Bounce,"Tempo, Self-Bounce",,Tempo,Self-Bounce,Self-Bounce,5,
Dimir Tempo,Tempo,Tempo,,Tempo,,,1210,
Dimir Toxic,Toxic,Toxic,,,Toxic,Toxic,17,
Dimir Waste Not,Waste Not,Waste Not,,,Waste Not,,1,
Dinosaurs,Dinosaur,"Midrange, Dinosaur",,Midrange,Dinosaur,Dinosaur,63,
Discover,Discover,Discover,,,Discover,Discover,273,
Domain Zoo,Zoo,"Aggro, Zoo",,Aggro,Zoo,Domain,77,
Doomsday,Doomsday,"Combo, Doomsday",,Combo,Doomsday,,1909,
Doran,Doran,"Midrange, Doran",,Midrange,Doran,,78,
Draco Explosion,Draco Explosion,"Combo, Draco Explosion",,Combo,Draco Explosion,,31,
Dragon,Dragon,Dragon,,,Dragon,Dragon,17,
Dragon Stompy,"Dragon, Stompy","Aggro, Dragon, Stompy",,Aggro,"Dragon, Stompy",,2006,
Dragons,Dragon,"Midrange, Dragon",,Midrange,Dragon,Dragon,38,
Dragonstorm,Dragonstorm,"Combo, Dragonstorm",,Combo,Dragonstorm,,13,
Dredge,Dredge,"Combo, Dredge",,Combo,Dredge,Graveyard,3955,
Eldrazi Aggro,"Eldrazi, Aggro","Aggro, Eldrazi",,Aggro,Eldrazi,Eldrazi,4708,
Eldrazi Green,Eldrazi,Eldrazi,,,Eldrazi,Eldrazi,103,
Eldrazi Ramp,"Eldrazi, Ramp","Ramp, Eldrazi",,Ramp,Eldrazi,Eldrazi,1144,
Elementals,Elemental,"Midrange, Elemental",,Midrange,Elemental,Elemental,701,
Elfball,Elfball,"Combo, Elf",,Combo,Elf,Elf,,
Elves,Elf,"Aggro, Elf",,Aggro,Elf,Elf,3982,
Elves Aggro,"Elf, Aggro","Aggro, Elf",,Aggro,Elf,Elf,22,
Elves Combo,"Elf, Combo","Combo, Elf",,Combo,Elf,Elf,43,
Emerge,Emerge,Emerge,,,Emerge,,101,
Enchantress,Enchantress,"Control, Enchantress",,Control,Enchantress,Enchantment,587,
Enduring Ideal,Enduring Ideal,"Combo, Enduring Ideal",,Combo,Enduring Ideal,Enchantment,40,
Engineer Control,"Engineer, Control","Control, Engineer",,Control,Engineer,,100,
Enigmatic Incarnation,Enigmatic Incarnation,"Combo, Enigmatic Incarnation",,Combo,Enigmatic Incarnation,Enchantment,845,
Ephemerate,Ephemerate,Ephemerate,,,Ephemerate,Blink,2020,
Esper / Dimir Control,Control,Control,,Control,,,76,
Esper Affinity,Affinity,"Aggro, Affinity",,Aggro,Affinity,"Artifact, Affinity",5,
Esper Aggro,Aggro,Aggro,,Aggro,,,3121,
Esper Artifacts,Artifact,,,,,Artifact,2,
Esper Control,Control,Control,,Control,,,3489,
Esper Frog,Frog,Frog,,,Frog,,2,
Esper Greasefang,Greasefang,"Combo, Greasefang",,Combo,Greasefang,,11,
Esper Grim Captain,Grim Captain,Grim Captain,,,Grim Captain,,1,
Esper Self-Bounce,Self-Bounce,"Tempo, Self-Bounce",,Tempo,Self-Bounce,Self-Bounce,85,
Esper Spells,Spells,,,,,,1,
Esper Superfriends,Superfriends,Superfriends,,,Superfriends,Planeswalker,1,
Esper Tempo,Tempo,Tempo,,Tempo,,,3,
Esper Vial,Vial,Vial,,,Vial,,123,
Esper Zur,Zur,"Control, Zur",,Control,Zur,,1,
Eva Green,Eva,Eva,,,Eva,,16,
Exarch Twin,Exarch Twin,"Combo, Splinter Twin",,Combo,Splinter Twin,,147,
Faerie Stompy,"Stompy, Faerie","Aggro, Stompy, Faerie",,Aggro,"Stompy, Faerie",Faerie,20,
Faeries,Faerie,"Tempo, Faerie",,Tempo,Faerie,Faerie,718,
Familar,Familar,Familar,,,Familar,,33,
Fauna Shaman,Fauna Shaman,"Toolbox, Fauna Shaman",,,"Toolbox, Fauna Shaman",,48,
Fires of Invention,Fires of Invention,"Control, Fires of Invention",,Control,Fires of Invention,,1522,
Fires of Yavimaya,Fires of Yavimaya,Fires of Yavimaya,,,Fires of Yavimaya,,21,
First Day of Storm,First Day of Storm,"Combo, Storm, First Day of Class",,Combo,"Storm, First Day of Class",,53,
Fish,Fish,"Aggro, Merfolk",,Aggro,Merfolk,Merfolk,464,
Flash,Flash,Flash,,,Flash,Flash,23,
Fluctuator,Fluctuator,"Combo, Fluctuator",,Combo,Fluctuator,Cycling,19,
Food Chain,Food Chain,"Combo, Food Chain",,Combo,Food Chain,,340,
Full English Breakfast,Full English Breakfast,"Combo, Full English Breakfast",,Combo,Full English Breakfast,Graveyard,102,
GAT,GAT,GAT,,,GAT,,88,
GW Aggro,Aggro,Aggro,,Aggro,,,18,
GW Trap,Trap,Trap,,,Trap,Trap,58,
GWx Gate,Gate,Gate,,,Gate,Gate,10,
Galvanic Relay Storm,"Galvanic Relay, Storm","Combo, Storm, Galvanic Relay",,Combo,"Storm, Galvanic Relay",,22,
Gate Control,"Gate, Control","Control, Gate",,Control,Gate,Gate,21,
Gates,Gate,"Midrange, Gate",,Midrange,Gate,Gate,1236,
Genesis Wave,Genesis Wave,Genesis Wave,,,Genesis Wave,,56,
Gift Control,"Gift, Control","Control, Gift",,Control,Gift,,173,
Gifts Control,"Gift, Control","Control, Gift",,Control,Gift,,37,
Glimpse of Tomorrow,Glimpse of Tomorrow,"Combo, Glimpse of Tomorrow",,Combo,Glimpse of Tomorrow,,133,
Glissa Control,"Glissa, Control","Control, Glissa",,Control,Glissa,,4,
Goblin Combo,"Goblin, Combo","Combo, Goblin",,Combo,Goblin,Goblin,8,
Goblins,Goblin,"Aggro, Goblin",,Aggro,Goblin,Goblin,3404,
God-Pharaoh's Gift Control,God-Pharaoh's Gift,"Control, God-Pharaoh's Gift",,Control,God-Pharaoh's Gift,Graveyard,246,
Golgari,,,,,,,71,
Golgari / Jund Garden,Garden,Garden,,,Garden,,1124,
Golgari Aggro,Aggro,Aggro,,Aggro,,,4156,
Golgari Control,Control,Control,,Control,,,504,
Golgari Elves,Elf,"Aggro, Elf",,Aggro,Elf,Elf,9,
Golgari Food,Food,Food,,,Food,Food,5,
Golgari Midrange,Midrange,Midrange,,Midrange,,,79,
Golgari Ramp,Ramp,Ramp,,Ramp,,,5,
Golgari Sacrifice,Sacrifice,"Midrange, Sacrifice",,Midrange,Sacrifice,Sacrifice,2,
Golgari Selfmill,Self-mill,Self-mill,,,Self-mill,Self-mill,13,
Golgari Toxic,Toxic,Toxic,,,Toxic,Toxic,4,
Grand Architect,Architect,Architect,,,Architect,,54,
Greasefang,Greasefang,"Combo, Greasefang",,Combo,Greasefang,,177,
Greasefang Parhelion,"Greasefang, Parhelion","Combo, Greasefang, Parhelion",,Combo,"Greasefang, Parhelion",,1290,
Greater Good,Greater Good,Greater Good,,,Greater Good,,17,
Green Ramp,Ramp,Ramp,,Ramp,,,1014,
Grixis Aggro,Aggro,Aggro,,Aggro,,,2995,
Grixis Control,Control,Control,,Control,,,3126,
Grixis Heist,Heist,Heist,,,Heist,Heist,16,
Grixis Pact,Pact,,,,,,1,
Grixis Wizards,Wizard,Wizard,,,Wizard,Wizard,3,
Grow,Grow,Grow,,,Grow,,177,
Gruul,,,,,,,133,
Gruul Aggro,Aggro,Aggro,,Aggro,,,7776,
Gruul Bard,Bard Class,Bard Class,,,Bard Class,Legendary,5,
Gruul Burn,Burn,"Aggro, Burn",,Aggro,Burn,,2,
Gruul Delirium,Delirium,Delirium,,,Delirium,Delirium,18,
Gruul Dinosaurs,Dinosaur,"Midrange, Dinosaur",,Midrange,Dinosaur,Dinosaur,7,
Gruul Goblins,Goblin,"Aggro, Goblin",,Aggro,Goblin,Goblin,1,
Gruul Midrange,Midrange,Midrange,,Midrange,,,2,
Gruul Prowess,Prowess,"Aggro, Prowess",,Aggro,Prowess,Prowess,47,
Gruul Ramp,Ramp,Ramp,,Ramp,,,6,
Gruul Utopia,Utopia,Utopia,,,Utopia,,600,
Gush Storm,"Storm, Gush","Combo, Storm, Gush",,Combo,"Storm, Gush",,134,
Gx Tron,Tron,"Ramp, Tron",,Ramp,Tron,,2,
Gyruda,Gyruda,"Combo, Gyruda",,Combo,Gyruda,,27,
Hammer Time,Hammer Time,"Aggro, Hammer Time",,Aggro,Hammer Time,"Equipment, Affinity",2247,
Hardened Scales,Hardened Scales,"Aggro, Hardened Scales",,Aggro,Hardened Scales,"Artifact, +1/+1 Counters",1082,
Hatebear,Hatebear,"Control, Hatebear",,Control,Hatebear,,1032,
Heartbeat Desire,Heartbeat Desire,"Combo, Heartbeat Desire",,Combo,Heartbeat Desire,,8,
Heartless Control,"Heartless, Control","Control, Heartless",,Control,Heartless,,20,
Heliod Life,"Heliod, Lifegain","Combo, Heliod, Lifegain",,Combo,"Heliod, Lifegain",Lifegain,424,
Hexproof,Hexproof,"Aggro, Bogle",,Aggro,Bogle,,22,
High Tide,High Tide,"Combo, High Tide",,Combo,High Tide,Storm,212,
Hive Mind,Hive Mind,"Combo, Hive Mind",,Combo,Hive Mind,,119,
Hogaak,Hogaak,"Combo, Hogaak",,Combo,Hogaak,Graveyard,296,
Hollow One,Hollow One,"Aggro, Hollow One",,Aggro,Hollow One,Graveyard,491,
Hollow One Madness,"Hollow One, Madness","Aggro, Hollow One, Madness",,Aggro,"Hollow One, Madness","Madness, Graveyard",79,
Holy Quest,Holy Quest,Holy Quest,,,Holy Quest,,78,
Hot Dogs,Hot Dogs,Hot Dogs,,,Hot Dogs,,484,
Humans,Human,"Aggro, Human",,Aggro,Human,Human,1608,
Illusions,Illusion,Illusion,,,Illusion,,45,
Improvise,Improvise,Improvise,,,Improvise,Improvise,46,
Infect,Infect,"Aggro, Infect",,Aggro,Infect,Infect,2300,
Infect (No Tez),Infect,"Aggro, Infect",,Aggro,Infect,Infect,51,
Initiative Stompy,"Initiative, Stompy","Initiative, Stompy",,,"Initiative, Stompy",,1138,
Instant Reanimator,Reanimator,"Combo, Reanimator",,Combo,Reanimator,Graveyard,1139,
Ivy Combo,"Ivy, Combo","Combo, Ivy",,Combo,Ivy,,16,
Izzet Belcher,Belcher,"Combo, Belcher, Landless",,Combo,"Belcher, Landless",,4,
Izzet Control,Control,Control,,Control,,,1387,
Izzet Discard,Discard,Discard,,,Discard,Discard,2,
Izzet Hellraiser,Hellraiser,,,,,,2,
Izzet Lotus Field,Lotus Field,"Combo, Lotus Field",,Combo,Lotus Field,,14,
Izzet Monument,Monument,Monument,,,Monument,,3,
Izzet Otters,Otter,Otter,,,Otter,Otter,1,
Izzet Phoenix,Arclight Phoenix,"Tempo, Arclight Phoenix",,Tempo,Arclight Phoenix,,44,
Izzet Pirates,Pirate,Pirate,,,Pirate,Pirate,2,
Izzet Prowess,Prowess,"Aggro, Prowess",,Aggro,Prowess,Prowess,2,
Izzet Raptor Combo,"Raptor, Combo","Combo, Raptor",,Combo,Raptor,,1,
Izzet Wizards,Wizard,Wizard,,,Wizard,Wizard,17,
Jace's Top,Jace's Top,Jace's Top,,,Jace's Top,,40,
Jank,Jank,Jank,,Jank,,,235,
Jeskai Aggro,Aggro,Aggro,,Aggro,,,1750,
Jeskai Ascendancy,Jeskai Ascendancy,"Combo, Jeskai Ascendancy",,Combo,Jeskai Ascendancy,,291,
Jeskai Combo,Combo,Combo,,Combo,,,82,
Jeskai Control,Control,Control,,Control,,,1403,
Jeskai Convoke,Convoke,"Aggro, Convoke",,Aggro,Convoke,Convoke,20,
Jeskai Midrange,Midrange,Midrange,,Midrange,,,96,
Jeskai Oculus,Oculus,"Oculus, Reanimator",,,"Oculus, Reanimator",,14,
Jeskai Planeswalker,Superfriends,Superfriends,,,Superfriends,Planeswalker,65,
Jeskai Tempo,Tempo,Tempo,,Tempo,,,21,
Jeskai Turns,Turns,Turns,,,Turns,,26,
Jeskai Xerox,Xerox,Xerox,,,Xerox,,447,
Jund,,,,,,,5572,
Jund Aggro,Aggro,Aggro,,Aggro,,,326,
Jund Control,Control,Control,,Control,,,1660,
Jund Prowess,Prowess,"Aggro, Prowess",,Aggro,Prowess,Prowess,3,
Jund Ramp,Ramp,Ramp,,Ramp,,,1,
Jund Sacrifice,Sacrifice,"Midrange, Sacrifice",,Midrange,Sacrifice,Sacrifice,19,
Junk,Junk,Junk,,Junk,,,48,
Junk (BWG),Junk,Junk,,Junk,,,34,
KCI,KCI,"Combo, KCI",,Combo,KCI,Artifact,194,
Kessig Titan,Kessig Titan,Kessig Titan,,,Kessig Titan,,294,
Kethis Combo,"Kethis, Combo",Combo,,Combo,,,14,
Kinnan - Emry,Kinnan - Emry,Kinnan - Emry,,,Kinnan - Emry,,46,
Koth Control,"Koth, Control","Control, Koth",,Control,Koth,,95,
Kuldotha,Kuldotha,Kuldotha,,,Kuldotha,,74,
Kuldotha Red,Kuldotha,"Aggro, Kuldotha",,Aggro,Kuldotha,,35,
Land Spy Combo,"Land Spy, Combo","Combo, Spy",,Combo,Spy,,5,
Landless,Landless,Landless,,,Landless,,739,
Landless Spy,"Landless, Spy","Landless, Spy",,,"Landless, Spy",,148,
Lands,Lands,Lands,,,Lands,,2065,
Landstill,Landstill,"Control, Landstill",,Control,Landstill,,530,
Landstill (UW Control),"Landstill, Control","Control, Landstill",,Control,Landstill,,696,
Lantern Control,"Lantern, Control","Prison, Lantern",,Prison,Lantern,Artifact,277,
Lazav Combo,"Lazav, Combo","Combo, Lazav",,Combo,Lazav,,57,
Life,Lifegain,Lifegain,,,Lifegain,Lifegain,3,
Living End,Living End,"Combo, Living End",,Combo,Living End,Cascade,2502,
Loam,Loam,Loam,,,Loam,Life from the Loam,876,
Lotus Field,Lotus Field,"Combo, Lotus Field",,Combo,Lotus Field,,1722,
MUC Drake,MUC Drake,,,,,,4,
MUD,MUD,MUD,,,MUD,,2439,
Machine Head,Machine Head,Machine Head,,,Machine Head,,52,
Madness,Madness,Madness,,,Madness,Madness,15,
Madness Control,"Madness, Control","Control, Madness",,Control,Madness,Madness,6,
Maniac Combo,"Maniac, Combo","Combo, Maniac",,Combo,Maniac,,4,
Mardu Aggro,Aggro,Aggro,,Aggro,,,2498,
Mardu Control,Control,Control,,Control,,,363,
Mardu Energy,Energy,Energy,,,Energy,Energy,13,
Mardu Greasefang,Greasefang,"Combo, Greasefang",,Combo,Greasefang,,35,
Mardu Phoenix,Arclight Phoenix,"Tempo, Arclight Phoenix",,Tempo,Arclight Phoenix,,4,
Mardu Sacrifice,Sacrifice,"Midrange, Sacrifice",,Midrange,Sacrifice,Sacrifice,3,
Martyr Life,"Martyr, Lifegain","Lifegain, Martyr",,,"Lifegain, Martyr",Lifegain,478,
Marvelous Energy,"Marvelous, Energy","Energy, Marvelous",,,"Energy, Marvelous",Energy,460,
Maverick,Maverick,"Midrange, Maverick",,Midrange,Maverick,,1050,
Merfolk,Merfolk,"Aggro, Merfolk",,Aggro,Merfolk,Merfolk,2466,
Metamorphic Alteration,Metamorphic Alteration,Metamorphic Alteration,,,Metamorphic Alteration,,15,
Midrange,Midrange,Midrange,,Midrange,,,2258,
Midrange Combo,"Midrange, Combo","Midrange, Combo",,"Midrange, Combo",,,554,
Midrange Control,"Midrange, Control","Midrange, Control",,"Midrange, Control",,,518,
Midrange Jank,"Midrange, Jank","Midrange, Jank",,"Midrange, Jank",,,187,
Mill Control,"Mill, Control","Control, Mill",,Control,Mill,,25,
Mississippi River,Mississippi River,Mississippi River,,,Mississippi River,,141,
Monastery,Monastery,Monastery,,,Monastery,,356,
Mono Black,,,,,,,1,
Mono Black Aggro,Aggro,Aggro,,Aggro,,,3742,
Mono Black Combo,Combo,Combo,,Combo,,,196,
Mono Black Control,Control,Control,,Control,,,2476,
Mono Blue Aggro,Aggro,Aggro,,Aggro,,,4041,
Mono Blue Control,Control,Control,,Control,,,273,
Mono Blue Storm,Storm,"Combo, Storm",,Combo,Storm,,69,
Mono Green Aggro,Aggro,Aggro,,Aggro,,,3438,
Mono Red Combo,Combo,Combo,,Combo,,,271,
Mono Red Control,Control,Control,,Control,,,146,
Mono White Control,Control,Control,,Control,,,733,
Mono-Black Demons,Demon,"Midrange, Demon",,Midrange,Demon,Demon,10,
Mono-Black Devotion,Devotion,"Midrange, Devotion",,Midrange,Devotion,Black,8,
Mono-Black Discard,Discard,Discard,,,Discard,Discard,48,
Mono-Black Midrange,Midrange,Midrange,,Midrange,,,94,
Mono-Black Priest of Gix,Priest of Gix,Priest of Gix,,,Priest of Gix,,4,
Mono-Black Scam,Scam,,,,,,1,
Mono-Black Skeletons,Skeleton,Skeleton,,,Skeleton,Skeleton,9,
Mono-Black Storm,Storm,"Combo, Storm",,Combo,Storm,,1,
Mono-Black Waste Not,Waste Not,Waste Not,,,Waste Not,,19,
Mono-Blue Affinity,Affinity,"Aggro, Affinity",,Aggro,Affinity,"Artifact, Affinity",6,
Lands,Lands,"Combo, Belcher, Landless",,Combo,"Belcher, Landless",,2065,
Mono-Blue Flash,Flash,Flash,,,Flash,Flash,1,
Mono-Blue Mill,Mill,"Control, Mill",,Control,Mill,,3,
Mono-Blue Ninjas,Ninja,"Tempo, Ninja",,Tempo,Ninja,Ninja,1,
Mono-Blue Spirits,Spirit,"Aggro, Spirit",,Aggro,Spirit,Spirit,4,
Mono-Blue Tempo,Tempo,Tempo,,Tempo,,,5,
Mono-Green Devotion,Devotion,"Midrange, Devotion",,Midrange,Devotion,Green,44,
Mono-Green Elves,Elf,"Aggro, Elf",,Aggro,Elf,Elf,27,
Mono-Green Forests,Forests,,,,,,1,
Mono-Green Landfall,Landfall,Landfall,,,Landfall,Landfall,4,
Mono-Green Stompy,Stompy,Stompy,,,Stompy,,4,
Mono-Green Titan,Titan,Titan,,,Titan,,1,
Mono-Red Aggro,Aggro,Aggro,,Aggro,,,165,
Mono-Red Belcher,Belcher,"Combo, Belcher, Landless",,Combo,"Belcher, Landless",,1,
Mono-Red Burn,Burn,"Aggro, Burn",,Aggro,Burn,,5,
Mono-Red Cauldron,Cauldron,,,,,,1,
Mono-Red Goblins,Goblin,"Aggro, Goblin",,Aggro,Goblin,Goblin,20,
Mono-Red Leyline Aggro,"Leyline, Aggro","Aggro, Leyline",,Aggro,Leyline,,7,
Mono-Red Mice,Mouse,Mouse,,,Mouse,Mouse,3,
Mono-Red Prison,Prison,Prison,,Prison,,,4,
Mono-Red Stompy,Stompy,Stompy,,,Stompy,,2,
Mono-Red Wizards,Wizard,Wizard,,,Wizard,Wizard,17,
Mono-White Angels,Angel,"Midrange, Angel",,Midrange,Angel,Angel,4,
Mono-White Auras,Aura,"Aggro, Aura",,Aggro,Aura,Aura,3,
Mono-White Cats,Cat,Cat,,,Cat,Cat,2,
Mono-White Control,Control,Control,,Control,,,25,
Mono-White Humans,Human,"Aggro, Human",,Aggro,Human,Human,11,
Mono-White Lifegain,Lifegain,Lifegain,,,Lifegain,Lifegain,26,
Mono-White Tokens,Token,Token,,,Token,Token,2,
Mystic Forge,Mystic Forge,Mystic Forge,,,Mystic Forge,Artifact,559,
Nadu,,,,,,,427,
Nahiri Control,"Nahiri, Control","Control, Nahiri",,Control,Nahiri,,229,
Naya,,,,,,,292,
Naya Aggro,Aggro,Aggro,,Aggro,,,1056,
Naya Beanstalk,Beanstalk,"Midrange, Beanstalk",,Midrange,Beanstalk,,1,
Naya Burn,Burn,"Aggro, Burn",,Aggro,Burn,,4,
Naya Control,Control,Control,,Control,,,110,
Naya Elves,Elf,"Aggro, Elf",,Aggro,Elf,Elf,1,
Naya Forge,Forge,Forge,,,Forge,,1,
Naya Human,Human,"Aggro, Human",,Aggro,Human,Human,157,
Naya Legends,Legends,,,,,Legendary,2,
Naya Zoo,Zoo,"Aggro, Zoo",,Aggro,Zoo,,687,
Nazg没l,Nazg没l,"Midrange, Nazg没l",,Midrange,Nazg没l,,10,
Neoform Atraxa,Neoform Atraxa,"Combo, Neoform Atraxa",,Combo,Neoform Atraxa,,119,
New horizons,New horizons,New horizons,,,New horizons,,11,
Next Level Blue,Next Level,Next Level,,,Next Level,,105,
Nexus Fog,"Nexus, Fog","Control, Nexus, Fog",,Control,"Nexus, Fog",,26,
Nexus Reclamation,"Nexus, Reclamation","Combo, Nexus, Reclamation",,Combo,"Nexus, Reclamation",,169,
Nic Fit,Nic Fit,"Midrange, Nic Fit",,Midrange,Nic Fit,,287,
Ninja,Ninja,"Tempo, Ninja",,Tempo,Ninja,Ninja,347,
Ninja Bear,Ninja Bear,"Tempo, Ninja",,Tempo,Ninja,Ninja,10,
Niv-Mizzet Reborn,Reborn,"Control, Niv-Mizzet Reborn",,Control,Niv-Mizzet Reborn,,1230,
Oath of Druids,Oath of Druids,"Combo, Oath of Druids",,Combo,Oath of Druids,,2006,
Omnath Ramp,"Omnath, Ramp","Ramp, Omnath",,Ramp,Omnath,,639,
Omniscience Combo,"Omniscience, Combo","Combo, Omniscience, Reanimator",,Combo,"Omniscience, Reanimator",,122,
"Oops, All Spells!",Oops All Spells,"Combo, Oops All Spells",,Combo,Oops All Spells,,512,
Ooze Combo,"Ooze, Combo","Combo, Ooze",,Combo,Ooze,,8,
Orzhov Aggro,Aggro,Aggro,,Aggro,,,1791,
Orzhov Aristocrats,Aristocrats,"Midrange, Aristocrats, Sacrifice",,Midrange,"Aristocrats, Sacrifice",Sacrifice,5,
Orzhov Bats,Bat,"Midrange, Bat",,Midrange,Bat,Bat,22,
Orzhov Belcher,Belcher,"Combo, Belcher, Landless",,Combo,"Belcher, Landless",,3,
Orzhov Blink,Blink,Blink,,,Blink,Blink,4,
Orzhov Control,Control,Control,,Control,,,1008,
Orzhov Lifegain,Lifegain,Lifegain,,,Lifegain,Lifegain,2,
Orzhov Midrange,Midrange,Midrange,,Midrange,,,247,
Orzhov Pestilence,Pestilence,"Control, Pestilence",,Control,Pestilence,,395,
Orzhov Reanimator,Reanimator,"Combo, Reanimator",,Combo,Reanimator,,2,
Orzhov Sacrifice,Sacrifice,"Midrange, Sacrifice",,Midrange,Sacrifice,Sacrifice,4,
Orzhov Vampires,Vampire,"Midrange, Vampire",,Midrange,Vampire,Vampire,2,
Other - Aggro,Aggro,Aggro,,Aggro,,,2599,
Other - Combo,Combo,Combo,,Combo,,,1773,
Other - Control,Control,Control,,Control,,,2890,
Painter,Painter,"Combo, Painter",,Combo,Painter,,1863,
Paladin WW,Puresteel Paladin,Puresteel Paladin,,,Puresteel Paladin,Equipment,11,
Paradoxical Outcome,Paradoxical Outcome,"Combo, Paradoxical Outcome",,Combo,Paradoxical Outcome,,2023,
Patriot Aggro,"Patriot, Aggro","Aggro, Patriot",,Aggro,Patriot,,364,
Patriot Control,"Patriot, Control","Control, Patriot",,Control,Patriot,,20,
Persistent Petitioners,Persistent Petitioners,Persistent Petitioners,,,Persistent Petitioners,,31,
Planeswalker Control,"Superfriends, Control","Control, Superfriends",,Control,Superfriends,Planeswalker,550,
Poison Storm,"Poison, Storm","Combo, Storm, Poison",,Combo,"Storm, Poison","Poison, Proliferate",94,
Pox,Pox,"Control, Pox",,Control,Pox,,281,
Prime Speaker Bant,Prime Speaker,Prime Speaker,,,Prime Speaker,,76,
Psychatog,Psychatog,Psychatog,,,Psychatog,,143,
Pummeler,Pummeler,Pummeler,,,Pummeler,,44,
Puresteel Paladin,Puresteel Paladin,Puresteel Paladin,,,Puresteel Paladin,,27,
Pyromancer Ascension,Pyromancer Ascension,"Combo, Pyromancer Ascension",,Combo,Pyromancer Ascension,,24,
RDW,Red Deck Wins,Aggro,,Aggro,,,251,
RG Aggro,Aggro,Aggro,,Aggro,,,113,
RGx Cascade,Cascade,"Midrange, Cascade",,Midrange,Cascade,Cascade,58,
RUG Control,Control,Control,,Control,,,161,
RUG Order,Order,Order,,,Order,,41,
RW Aggro,Aggro,Aggro,,Aggro,,,43,
Rakdos,,,,,,,1,
Rakdos Aggro,Aggro,Aggro,,Aggro,,,14312,
Rakdos Breach,Breach,"Combo, Breach",,Combo,Breach,,2,
Rakdos Burn,Burn,"Aggro, Burn",,Aggro,Burn,,3,
Rakdos Control,Control,Control,,Control,,,552,
Rakdos Demons,Demon,"Midrange, Demon",,Midrange,Demon,Demon,47,
Rakdos Discard,Discard,Discard,,,Discard,Discard,1,
Rakdos Lizards,Lizard,Lizard,,,Lizard,Lizard,11,
Rakdos Midrange,Midrange,Midrange,,Midrange,,,18,
Rakdos Monument,Monument,Monument,,,Monument,,1,
Rakdos Sacrifice,Sacrifice,"Midrange, Sacrifice",,Midrange,Sacrifice,Sacrifice,1103,
Rally the Ancestors,Rally the Ancestors,Rally the Ancestors,,,Rally the Ancestors,,176,
Reanimator,Reanimator,"Combo, Reanimator",,Combo,Reanimator,,6742,
Reaping the Song,Reaping the Song,Reaping the Song,,,Reaping the Song,,161,
Red Assault,Assault,Assault,,,Assault,,55,
Red Deck Wins,Red Deck Wins,Aggro,,Aggro,,,16486,
Relic of Legends - Acererak,Relic of Legends - Acererak,"Combo, Relic of Legends, Acererak",,Combo,"Relic of Legends, Acererak",,38,
Remora,Remora,Remora,,,Remora,,21,
Replenish,Replenish,Replenish,,,Replenish,,410,
Retraction Helix,Retraction Helix,Retraction Helix,,,Retraction Helix,,149,
Reveillark,Reveillark,Reveillark,,,Reveillark,,6,
Ru Aggro,Aggro,Aggro,,Aggro,,,2,
Ruby Storm,Storm,"Combo, Storm",,Combo,Storm,,643,
Rx Metalcraft,Metalcraft,Metalcraft,,,Metalcraft,,5,
Sadistic Glee,Sadistic Glee,Sadistic Glee,,,Sadistic Glee,,1416,
Scapeshift,Scapeshift,"Combo, Scapeshift",,Combo,Scapeshift,Ramp,1282,
Scepter,Scepter,Scepter,,,Scepter,,37,
Selesnya,,,,,,,2,
Selesnya Aggro,Aggro,Aggro,,Aggro,,,3615,
Selesnya Angels,Angel,"Midrange, Angel",,Midrange,Angel,Angel,54,
Selesnya Auras,Aura,"Aggro, Aura",,Aggro,Aura,Aura,30,
Selesnya Cage,Cage,Cage,,,Cage,,10,
Selesnya Control,Control,Control,,Control,,,4,
Selesnya Convoke,Convoke,"Aggro, Convoke",,Aggro,Convoke,Convoke,1,
Selesnya Counters,Counters,Counters,,,Counters,Counters,14,
Selesnya Death & Taxes,Death & Taxes,"Control, Death & Taxes",,Control,Death & Taxes,,40,
Selesnya Devotion,Devotion,"Midrange, Devotion",,Midrange,Devotion,,9,
Selesnya Enchantments,Enchantment,Enchantment,,,Enchantment,Enchantment,2,
Selesnya Overlords,Overlord,Overlord,,,Overlord,Overlord,4,
Selesnya Rabbits,Rabbit,Rabbit,,,Rabbit,Rabbit,30,
Selesnya Squirrel Twin,Squirrel Twin,,,,,,3,
Selesnya Tokens,Token,Token,,,Token,Token,1,
Shifting Woodland,Shifting Woodland,Shifting Woodland,,,Shifting Woodland,,26,
Shoal Infect,"Shoal, Infect","Aggro, Shoal, Infect",,Aggro,"Shoal, Infect",Infect,11,
Show and Tell,Show and Tell,"Combo, Show and Tell",,Combo,Show and Tell,,3022,
Simic Aggro,Aggro,Aggro,,Aggro,,,624,
Simic Beanstalk,Beanstalk,"Midrange, Beanstalk",,Midrange,Beanstalk,,13,
Simic Control,Control,Control,,Control,,,322,
Simic Cookies,Cookies,Cookies,,,Cookies,,2,
"Artifact, Counters","Artifact, Counters","Artifact, Counters",,,"Artifact, Counters",Counters,,
Simic Deserts,Desert,Desert,,,Desert,Desert,3,
Simic Eldrazi,Eldrazi,Eldrazi,,,Eldrazi,Eldrazi,1,
Simic Landfall,Landfall,Landfall,,,Landfall,Landfall,2,
Simic Lands,Lands,Lands,,,Lands,,1,
Simic Merfolk,Merfolk,"Aggro, Merfolk",,Aggro,Merfolk,Merfolk,4,
Simic Ramp Field of the Dead,"Ramp,Field of the Dead","Ramp, Field of the Dead",,Ramp,Field of the Dead,,7,
Simic Tempo,Tempo,Tempo,,Tempo,,,10,
Sky Hussar,Sky Hussar,Sky Hussar,,,Sky Hussar,,6,
Sligh,Sligh,"Aggro, Sligh",,Aggro,Sligh,,29,
Sligh (RDW),"Sligh, Red Deck Wins","Aggro, Sligh",,Aggro,Sligh,,873,
Slivers,Sliver,"Aggro, Sliver",,Aggro,Sliver,Sliver,651,
Smallpox,Smallpox,"Control, Smallpox",,Control,Smallpox,,96,
Snapcaster Control,"Snapcaster, Control","Control, Snapcaster",,Control,Snapcaster,,260,
Snow Midrange / Control,"Snow, Midrange, Control","Midrange, Control, Snow",,"Midrange, Control",Snow,Snow,21,
Spider Mulch,Spider Mulch,Mulch,,,Mulch,Graveyard,19,
Spirit Aggro,"Spirit, Aggro","Aggro, Spirit",,Aggro,Spirit,Spirit,2538,
Splinter Twin,Splinter Twin,"Combo, Splinter Twin",,Combo,Splinter Twin,,8,
Stasis,Stasis,"Prison, Stasis",,Prison,Stasis,,287,
Static Peddler,Static Peddler,Static Peddler,,,Static Peddler,,15,
Stiflenought,Stiflenought,"Combo, Stiflenought",,Combo,Stiflenought,,1194,
Stompy,Stompy,Stompy,,,Stompy,,41,
Stoneblade,Stoneblade,"Control, Stoneblade",,Control,Stoneblade,"Stoneblade, Equipment",2006,
Storm,Storm,"Combo, Storm",,Combo,Storm,,2879,
Sultai Aggro,Aggro,Aggro,,Aggro,,,535,
Sultai Control,Control,Control,,Control,,,2395,
Sultai Dredge,Dredge,"Combo, Dredge",,Combo,Dredge,Graveyard,1,
Sultai Lotus Field,Lotus Field,"Combo, Lotus Field",,Combo,Lotus Field,,6,
Sultai Midrange,Midrange,Midrange,,Midrange,,,1,
Sultai Mill,Mill,"Control, Mill",,Control,Mill,,3,
Sultai Terror,Terror,,,,,,2,
Sunny Side Up,Sunny Side Up,Sunny Side Up,,,Sunny Side Up,,57,
Survival,Survival,Survival,,,Survival,,424,
Survival - Aggro,"Survival, Aggro","Aggro, Survival",,Aggro,Survival,,72,
Survival - Control/Combo,"Survival, Control, Combo","Control, Combo, Survival",,"Control, Combo",Survival,,78,
Survival Aggro,"Survival, Aggro","Aggro, Survival",,Aggro,Survival,,109,
Taiga,Taiga,Taiga,,,Taiga,,28,
Tainted Oracle,Tainted Oracle,Tainted Oracle,,,Tainted Oracle,,62,
Talented Otters,Otter,Otter,,,Otter,Otter,149,
Tameshi Bloom,Tameshi Bloom,Tameshi Bloom,,,Tameshi Bloom,,59,
Teaching Control,"Teaching, Control","Control, Teaching",,Control,Teaching,,46,
Tempered Steel,Tempered Steel,"Aggro, Tempered Steel",,Aggro,Tempered Steel,Artifact,217,
Temur Aggro,Aggro,Aggro,,Aggro,,,1799,
Temur Cauldron,Cauldron,Cauldron,,,Cauldron,,2,
Temur Control,Control,Control,,Control,,,1778,
Temur Creativity,Creativity,"Combo, Creativity",,Combo,Creativity,,2,
Temur Gates,Gate,Gate,,,Gate,Gate,2,
Temur Loot,Loot,Loot,,,Loot,,1,
Temur Neoform,Neoform,"Combo, Neoform",,Combo,Neoform,,18,
Temur Otters,Otter,Otter,,,Otter,Otter,4,
Temur Prowess,Prowess,"Aggro, Prowess",,Aggro,Prowess,Prowess,7,
Temur Ramp,Ramp,Ramp,,Ramp,,,2,
Temur Tempo,Tempo,Tempo,,Tempo,,,1,
Terrageddon,Terrageddon,Terrageddon,,,Terrageddon,,343,
Tezzerator,Tezzerator,Tezzerator,,,Tezzerator,,35,
Tezzeret Control,"Tezzeret, Control","Control, Tezzeret",,Control,Tezzeret,Artifact,58,
Tezzeret Control (No Infect),"Tezzeret, Control","Control, Tezzeret",,Control,Tezzeret,Artifact,16,
Tezzeret Infect,"Tezzeret, Infect","Aggro, Infect",,Aggro,Infect,"Infect, Artifact",11,
Thassa's Oracle,Thassa's Oracle,"Combo, Thassa's Oracle",,Combo,Thassa's Oracle,,93,
The One Ring Control,"The One Ring, Control","Control, The One Ring",,Control,The One Ring,,1254,
The Rack,The Rack,The Rack,,,The Rack,,24,
The Rock,The Rock,"Midrange, The Rock",,Midrange,The Rock,,646,
The Solution (UW/UWR),The Solution,The Solution,,,The Solution,,178,
The Underworld Cookbook,The Underworld Cookbook,The Underworld Cookbook,,,The Underworld Cookbook,,423,
Thopter,Thopter,Thopter,,,Thopter,Thopter,49,
Three Deuce / 5c Green,Three Deuce,Three Deuce,,,Three Deuce,,26,
Tinker,Tinker,Tinker,,,Tinker,,7,
Tinker Fling,"Tinker, Fling","Combo, Tinker",,Combo,Tinker,,138,
Tireless Tribe,Tireless Tribe,Tireless Tribe,,,Tireless Tribe,,238,
Token,Token,Token,,,Token,Token,58,
Tokens,Token,Token,,,Token,Token,428,
Tooth and Nail,Tooth and Nail,"Combo, Tooth and Nail",,Combo,Tooth and Nail,,44,
Tortured Existence,Tortured Existence,Tortured Existence,,,Tortured Existence,,62,
Tower Control,"Tower, Control","Control, Tower",,Control,Tower,,142,
Transmogrify,Transmogrify,"Combo, Transmogrify",,Combo,Transmogrify,,467,
Trix,Trix,Trix,,,Trix,,4,
Turbo Fog,"Turbo, Fog","Control, Turbo, Fog",,Control,"Turbo, Fog",,375,
Turbo Initiative,"Turbo, Initiative","Turbo, Initiative",,,"Turbo, Initiative",,12,
Turbo Necro,"Turbo, Necro","Turbo, Necropotence",,,"Turbo, Necropotence",,68,
Turns,Turns,Turns,,,Turns,,77,
Twin Exarch,Twin Exarch,"Combo, Splinter Twin",,Combo,Splinter Twin,,1235,
U Curious,Curious,Curious,,,Curious,,7,
UB Aggro,Aggro,Aggro,,Aggro,,,40,
UB Delver,Delver,"Tempo, Delver",,Tempo,Delver,,496,
UB Mill,Mill,"Control, Mill",,Control,Mill,Mill,706,
UG Ghostly,Ghostly,Ghostly,,,Ghostly,,31,
UG Madness,Madness,Madness,,,Madness,Madness,395,
UG Tron,Tron,"Ramp, Tron",,Ramp,Tron,,28,
UR Aggro,Aggro,Aggro,,Aggro,,,9073,
UR Artifacts,Artifact,Artifact,,,Artifact,Artifact,28,
UR Control,Control,Control,,Control,,,2147,
UR Storm,Storm,"Combo, Storm",,Combo,Storm,Storm,1044,
UW Control,Control,Control,,Control,,,8489,
UW Heroic,Heroic,"Aggro, Heroic",,Aggro,Heroic,Heroic,32,
UW Tron,Tron,"Ramp, Tron",,Ramp,Tron,,26,
UWB Control,Control,Control,,Control,,,17,
UWR Control,Control,Control,,Control,,,1,
UWR Delver,Delver,"Tempo, Delver",,Tempo,Delver,,29,
UWx Control,Control,Control,,Control,,,3477,
UWx Midrange,Midrange,Midrange,,Midrange,,,1137,
Unchecked Midrange Jank,"Midrange, Jank","Midrange, Jank",,"Midrange, Jank",,,1,
Underworld Breach,Breach,"Combo, Breach",,Combo,Breach,Graveyard,488,
Unknown Archetype,,,,,,,167076,
Unknown Deck,,,,,,,2,
Unknown Format,,,,,,,29084,
Ur Kiln,Kiln,Kiln,,,Kiln,,21,
Urza,Urza,Urza,,,Urza,,842,
UrzaTron,"Urza, Tron","Ramp, Urza, Tron",,Ramp,"Urza, Tron",,4443,
Urzatron,"Urza, Tron","Ramp, Urza, Tron",,Ramp,"Urza, Tron",,1816,
Ux Post,Post,Post,,,Post,,6,
Ux Tron,Tron,"Ramp, Tron",,Ramp,Tron,,117,
Valakut,Valakut,"Combo, Valakut",,Combo,Valakut,Ramp,1623,
Valki Cascade,"Valki, Cascade","Midrange, Cascade",,Midrange,Cascade,Cascade,40,
Vampires,Vampire,"Midrange, Vampire",,Midrange,Vampire,Vampire,181,
WR Control,Control,Control,,Control,,,7,
WRB Control,Control,Control,,Control,,,42,
Wall Combo,"Wall, Combo","Combo, Wall",,Combo,Wall,,24,
Walls Combo,"Wall, Combo","Combo, Wall",,Combo,Wall,,706,
Wee Bee,Wee Bee,Wee Bee,,,Wee Bee,,31,
Weenie White,Weenie White,"Aggro, Weenie White",,Aggro,Weenie White,,5337,
Welder Tinker,"Welder, Tinker","Welder, Tinker",,,"Welder, Tinker",,47,
White Heroic,Heroic,"Aggro, Heroic",,Aggro,Heroic,Heroic,14,
White Weenie,Weenie White,"Aggro, Weenie White",,Aggro,Weenie White,,170,
Winota,Winota,"Aggro, Winota",,Aggro,Winota,Human,609,
Wx Oketra,Oketra,Oketra,,,Oketra,,32,
Zombi Bombardment,"Zombie, Bombardment","Zombie, Bombardment",,,"Zombie, Bombardment",Zombie,39,
Zombies,Zombie,"Midrange, Zombie",,Midrange,Zombie,Zombie,638,
Zoo,Zoo,"Aggro, Zoo",,Aggro,Zoo,,352,
"Zur, Eternal Schemer",Zur,Zur,,,Zur,,50,
Simic Counters,Counters,Counters,,,Counters,Counters,,
Mono-Blue Belcher,Belcher,"Combo, Belcher, Landless",,Combo,"Belcher, Landless",,,